{
  "$schema": "https://schemas.wp.org/trunk/theme.json",
  "version": 2,
  "settings": {
    "custom": {
      "border": {
        "color": "var(--wp--preset--color--neutral-200)",
        "radius": "8px"
      },
      "boxShadow": {
        "inset": "",
        "x": "0",
        "y": "4px",
        "blur": "20px",
        "spread": "0",
        "color": "var(--wp--preset--color--custom-shadow,rgba(0,20,40,0.04))",
        "hover": {
          "inset": "",
          "y": "8px"
        }
      },
      "transition": "all 0.2s ease",
      "placeholder": {
        "background": "var(--wp--preset--color--neutral-100)"
      },
      "icon": {
        "color": "var(--wp--preset--color--primary-500)"
      },
      "checklist": {
        "background": "var(--wp--preset--gradient--primary)"
      },
      "submenu": {
        "borderRadius": "8px"
      },
      "input": {
        "background": "transparent",
        "boxShadow": "var(--wp--preset--shadow--md)",
        "border": "var(--wp--custom--border)"
      },
      "surface": {
        "overlay": {
          "opacity": "0.1"
        }
      },
      "videoButton": {
        "background": "var(--wp--preset--gradient--heading)"
      },
      "darkMode": {
        "gradients": {
          "primary": "linear-gradient(135deg,var(--wp--preset--color--secondary-400),var(--wp--preset--color--primary-400))",
          "primaryLight": "linear-gradient(135deg,var(--wp--preset--color--secondary-100),var(--wp--preset--color--primary-100))",
          "primaryLighter": "linear-gradient(135deg,var(--wp--preset--color--secondary-25),var(--wp--preset--color--primary-25))",
          "circle": "radial-gradient(40% 40% at 40% 40%, var(--wp--preset--color--secondary-25) 0%, transparent 100%),radial-gradient(40% 40% at 60% 60%, var(--wp--preset--color--primary-50) 0%, transparent 100%)",
          "glow-up": "radial-gradient(45% 100% at 45% 100%, var(--wp--preset--color--secondary-50) 0%, transparent 100%),radial-gradient(45% 100% at 55% 100%, var(--wp--preset--color--primary-100) 0%, transparent 100%)",
          "light-bulb": "radial-gradient(75% 150% at 50% -100%, var(--wp--preset--color--primary-50) 20%, transparent 100%)"
        }
      }
    },
    "color": {
      "palette": [
        {
          "name": "Primary 950",
          "slug": "primary-950",
          "color": "#1e1b4b"
        },
        {
          "name": "Primary 900",
          "slug": "primary-900",
          "color": "#312e81"
        },
        {
          "name": "Primary 800",
          "slug": "primary-800",
          "color": "#3730a3"
        },
        {
          "name": "Primary 700",
          "slug": "primary-700",
          "color": "#4338ca"
        },
        {
          "name": "Primary 600",
          "slug": "primary-600",
          "color": "#4f46e5"
        },
        {
          "name": "Primary 500",
          "slug": "primary-500",
          "color": "#6366f1"
        },
        {
          "name": "Primary 400",
          "slug": "primary-400",
          "color": "#818cf8"
        },
        {
          "name": "Primary 300",
          "slug": "primary-300",
          "color": "#a5b4fc"
        },
        {
          "name": "Primary 200",
          "slug": "primary-200",
          "color": "#c7d2fe"
        },
        {
          "name": "Primary 100",
          "slug": "primary-100",
          "color": "#e0e7ff"
        },
        {
          "name": "Primary 50",
          "slug": "primary-50",
          "color": "#eef2ff"
        },
        {
          "name": "Primary 25",
          "slug": "primary-25",
          "color": "#f7f8ff"
        },
        {
          "name": "Secondary 950",
          "slug": "secondary-950",
          "color": "#3b0764"
        },
        {
          "name": "Secondary 900",
          "slug": "secondary-900",
          "color": "#581c87"
        },
        {
          "name": "Secondary 800",
          "slug": "secondary-800",
          "color": "#6b21a8"
        },
        {
          "name": "Secondary 700",
          "slug": "secondary-700",
          "color": "#7e22ce"
        },
        {
          "name": "Secondary 600",
          "slug": "secondary-600",
          "color": "#9333ea"
        },
        {
          "name": "Secondary 500",
          "slug": "secondary-500",
          "color": "#a855f7"
        },
        {
          "name": "Secondary 400",
          "slug": "secondary-400",
          "color": "#c084fc"
        },
        {
          "name": "Secondary 300",
          "slug": "secondary-300",
          "color": "#d8b4fe"
        },
        {
          "name": "Secondary 200",
          "slug": "secondary-200",
          "color": "#e9d5ff"
        },
        {
          "name": "Secondary 100",
          "slug": "secondary-100",
          "color": "#f3e8ff"
        },
        {
          "name": "Secondary 50",
          "slug": "secondary-50",
          "color": "#faf5ff"
        },
        {
          "name": "Secondary 25",
          "slug": "secondary-25",
          "color": "#fcfaff"
        },
        {
          "name": "Neutral 950",
          "slug": "neutral-950",
          "color": "#020617"
        },
        {
          "name": "Neutral 900",
          "slug": "neutral-900",
          "color": "#0f172a"
        },
        {
          "name": "Neutral 800",
          "slug": "neutral-800",
          "color": "#1e293b"
        },
        {
          "name": "Neutral 700",
          "slug": "neutral-700",
          "color": "#334155"
        },
        {
          "name": "Neutral 600",
          "slug": "neutral-600",
          "color": "#475569"
        },
        {
          "name": "Neutral 500",
          "slug": "neutral-500",
          "color": "#64748b"
        },
        {
          "name": "Neutral 400",
          "slug": "neutral-400",
          "color": "#94a3b8"
        },
        {
          "name": "Neutral 300",
          "slug": "neutral-300",
          "color": "#cbd5e1"
        },
        {
          "name": "Neutral 200",
          "slug": "neutral-200",
          "color": "#e2e8f0"
        },
        {
          "name": "Neutral 100",
          "slug": "neutral-100",
          "color": "#f1f5f9"
        },
        {
          "name": "Neutral 50",
          "slug": "neutral-50",
          "color": "#f8fafc"
        },
        {
          "name": "Neutral 0",
          "slug": "neutral-0",
          "color": "#ffffff"
        },
        {
          "name": "Success 600",
          "slug": "success-600",
          "color": "#059669"
        },
        {
          "name": "Success 500",
          "slug": "success-500",
          "color": "#10b981"
        },
        {
          "name": "Success 100",
          "slug": "success-100",
          "color": "#d1fae5"
        },
        {
          "name": "Warning 600",
          "slug": "warning-600",
          "color": "#d97706"
        },
        {
          "name": "Warning 500",
          "slug": "warning-500",
          "color": "#f59e0b"
        },
        {
          "name": "Warning 100",
          "slug": "warning-100",
          "color": "#feeac7"
        },
        {
          "name": "Error 600",
          "slug": "error-600",
          "color": "#e11d48"
        },
        {
          "name": "Error 500",
          "slug": "error-500",
          "color": "#f43f5e"
        },
        {
          "name": "Error 100",
          "slug": "error-100",
          "color": "#ffe4e6"
        },
        {
          "name": "Transparent",
          "slug": "transparent",
          "color": "transparent"
        },
        {
          "name": "Current",
          "slug": "current",
          "color": "currentcolor"
        },
        {
          "name": "Inherit",
          "slug": "inherit",
          "color": "inherit"
        }
      ],
      "gradients": [
        {
          "gradient": "linear-gradient(135deg,var(--wp--preset--color--secondary-500),var(--wp--preset--color--primary-500))",
          "name": "Primary",
          "slug": "primary"
        },
        {
          "gradient": "linear-gradient(135deg,var(--wp--preset--color--secondary-300),var(--wp--preset--color--primary-300))",
          "name": "Primary Light",
          "slug": "primary-light"
        },
        {
          "gradient": "linear-gradient(135deg,var(--wp--preset--color--secondary-100),var(--wp--preset--color--primary-100))",
          "name": "Primary Lighter",
          "slug": "primary-lighter"
        },
        {
          "gradient": "radial-gradient(45% 100% at 45% 100%, var(--wp--preset--color--secondary-300) 0%, transparent 100%),radial-gradient(45% 100% at 55% 100%, var(--wp--preset--color--primary-300) 0%, transparent 100%)",
          "name": "Glow Up",
          "slug": "glow-up"
        },
        {
          "gradient": "radial-gradient(40% 40% at 40% 40%, var(--wp--preset--color--primary-100) 0%, transparent 100%),radial-gradient(40% 40% at 60% 60%, var(--wp--preset--color--secondary-100) 0%, transparent 100%)",
          "name": "Circle",
          "slug": "circle"
        },
        {
          "gradient": "radial-gradient(75% 150% at 50% -100%, var(--wp--preset--color--primary-100) 20%, transparent 100%)",
          "name": "Light Bulb",
          "slug": "light-bulb"
        },
        {
          "gradient": "conic-gradient(var(--wp--preset--color--neutral-500) 0% 35%, var(--wp--preset--color--neutral-300) 35% 60%, var(--wp--preset--color--primary-500) 60% 100%)",
          "name": "Pie Chart",
          "slug": "pie-chart"
        },
        {
          "gradient": "radial-gradient(250% 250% at 50% 25%, var(--wp--preset--color--neutral-900) 0%, transparent 100%)",
          "name": "Heading",
          "slug": "heading"
        },
        {
          "gradient": "linear-gradient(135deg,var(--wp--preset--color--primary-700) 0%,var(--wp--preset--color--primary-500) 100%)",
          "name": "Primary 600/500",
          "slug": "primary-600-500"
        },
        {
          "gradient": "linear-gradient(135deg,var(--wp--preset--color--primary-500) 0%,var(--wp--preset--color--primary-300) 100%)",
          "name": "Primary 500/300",
          "slug": "primary-500-300"
        },
        {
          "gradient": "linear-gradient(180deg,var(--wp--preset--color--transparent) 0%,var(--wp--preset--color--primary-100) 100%)",
          "name": "Primary Transparent",
          "slug": "primary-transparent"
        },
        {
          "gradient": "linear-gradient(135deg,var(--wp--preset--color--primary-900) 0%,var(--wp--preset--color--neutral-950) 100%)",
          "name": "Primary Foreground",
          "slug": "primary-foreground"
        },
        {
          "gradient": "linear-gradient(135deg,var(--wp--preset--color--neutral-600) 0%,var(--wp--preset--color--neutral-950) 100%)",
          "name": "Body/Heading",
          "slug": "body-heading"
        },
        {
          "gradient": "linear-gradient(135deg,var(--wp--preset--color--neutral-100) 0%,var(--wp--preset--color--neutral-200) 100%)",
          "name": "Surface/Border",
          "slug": "surface-border"
        },
        {
          "gradient": "linear-gradient(0deg,var(--wp--custom--body--background) 50%,transparent 50%)",
          "name": "Background/Transparent",
          "slug": "background-transparent"
        },
        {
          "gradient": "linear-gradient(180deg,var(--wp--custom--body--background) 50%,transparent 50%)",
          "name": "Transparent/Background",
          "slug": "transparent-background"
        },
        {
          "gradient": "linear-gradient(90deg,var(--wp--preset--color--neutral-50) 0%,transparent 100%)",
          "name": "Fade Left",
          "slug": "fade-left"
        },
        {
          "gradient": "linear-gradient(-90deg,var(--wp--preset--color--neutral-50) 0%,transparent 100%)",
          "name": "Fade Right",
          "slug": "fade-right"
        },
        {
          "gradient": "repeating-conic-gradient(var(--wp--preset--color--neutral-200) 0% 25%, transparent 0% 50%) 50% / 16px 16px",
          "name": "Checkerboard",
          "slug": "checkerboard"
        },
        {
          "gradient": "conic-gradient(from 90deg at 1px 1px,transparent 90deg,var(--wp--custom--gradient-grid--color,var(--wp--preset--color--neutral-100)) 0) -1px -1px / var(--wp--custom--gradient-grid--size,40px) var(--wp--custom--gradient-grid--size,40px)",
          "name": "Grid",
          "slug": "grid"
        }
      ]
    },
    "typography": {
      "fontFamilies": [
        {
          "fontFamily": "Albert Sans, sans-serif",
          "name": "Albert Sans",
          "slug": "albert-sans",
          "fontFace": [
            {
              "fontFamily": "Albert Sans",
              "fontStyle": "normal",
              "fontStretch": "normal",
              "fontDisplay": "swap",
              "fontWeight": "100 900",
              "src": [
                "file:./assets/fonts/albert-sans.woff2"
              ]
            }
          ]
        }
      ]
    }
  },
  "styles": {
    "color": {
      "background": "var(--wp--preset--color--neutral-50)",
      "text": "var(--wp--preset--color--neutral-500)"
    },
    "typography": {
      "fontFamily": "var(--wp--preset--font-family--albert-sans)"
    },
    "elements": {
      "button": {
        "border": {
          "radius": "40px"
        },
        "color": {
          "background": "var(--wp--preset--gradient--primary)"
        }
      },
      "heading": {
        "typography": {
          "fontWeight": "var(--wp--custom--font-weight--semi-bold)",
          "letterSpacing": "-0.04em"
        }
      }
    }
  }
}
